path,filename,label,label_id,hash,split
/content/drive/MyDrive/ML/dataset/tight/08186_00.jpg,08186_00.jpg,tight,0,4a0750f760b96899106157ce331b9490,train
/content/drive/MyDrive/ML/dataset/oversized/07677_00.jpg,07677_00.jpg,oversized,2,ead860779a502dc127836be8f0f00484,train
/content/drive/MyDrive/ML/dataset/oversized/01048_00.jpg,01048_00.jpg,oversized,2,c0519258d2ab15e1d7d1192a8163254b,train
/content/drive/MyDrive/ML/dataset/oversized/10062_00.jpg,10062_00.jpg,oversized,2,71e5e7b2938a18c0ba55bc8b9e8c2ec2,train
/content/drive/MyDrive/ML/dataset/oversized/13535_00.jpg,13535_00.jpg,oversized,2,513e77835ff5dc30487501dbec3cb37e,train
/content/drive/MyDrive/ML/dataset/tight/06051_00.jpg,06051_00.jpg,tight,0,b1009eb14ab5de865bd99be72b69de33,train
/content/drive/MyDrive/ML/dataset/oversized/12972_00.jpg,12972_00.jpg,oversized,2,1b69d746ba22a9b635c26abcbe52e197,train
/content/drive/MyDrive/ML/dataset/regular/05247_00.jpg,05247_00.jpg,regular,1,440345a387462a56f2cf2a41db4d83aa,train
/content/drive/MyDrive/ML/dataset/regular/08879_00.jpg,08879_00.jpg,regular,1,9cab5c05c904f34e31f4a6d951de0c92,train
/content/drive/MyDrive/ML/dataset/regular/02199_00.jpg,02199_00.jpg,regular,1,a619bc28d73e4c01cfee9a05526a45c1,train
/content/drive/MyDrive/ML/dataset/tight/07421_00.jpg,07421_00.jpg,tight,0,2b479497af7d5aebe4826be5c435ee19,train
/content/drive/MyDrive/ML/dataset/tight/04529_00.jpg,04529_00.jpg,tight,0,d6171f7916c075769505b33ee025111c,train
/content/drive/MyDrive/ML/dataset/regular/03844_00.jpg,03844_00.jpg,regular,1,f5984b7f77cf7813e0f69db163d2b845,train
/content/drive/MyDrive/ML/dataset/oversized/01137_00.jpg,01137_00.jpg,oversized,2,c7ad89fb253826d5e19a5ad201310e21,train
/content/drive/MyDrive/ML/dataset/tight/00709_00.jpg,00709_00.jpg,tight,0,88566773cd2dab07add6c7a89dfd905b,train
/content/drive/MyDrive/ML/dataset/regular/06494_00.jpg,06494_00.jpg,regular,1,8a21a106f0410062114c682138e0dac1,train
/content/drive/MyDrive/ML/dataset/oversized/00047_00.jpg,00047_00.jpg,oversized,2,43d6686c45640ea4214201cead19e60e,train
/content/drive/MyDrive/ML/dataset/tight/04821_00.jpg,04821_00.jpg,tight,0,752dcc94d45abf388f155a124c5db62f,train
/content/drive/MyDrive/ML/dataset/oversized/09681_00.jpg,09681_00.jpg,oversized,2,9f081a84bf500781e3adf095999a7434,train
/content/drive/MyDrive/ML/dataset/oversized/00018_00.jpg,00018_00.jpg,oversized,2,e4163c24bdd6810bd7e99ec655ec7227,train
/content/drive/MyDrive/ML/dataset/tight/05549_00.jpg,05549_00.jpg,tight,0,95833cd60d4723bd6673ea1bbc2791c2,train
/content/drive/MyDrive/ML/dataset/regular/01928_00.jpg,01928_00.jpg,regular,1,0910c0360972d6c01862833f07024218,train
/content/drive/MyDrive/ML/dataset/regular/06387_00.jpg,06387_00.jpg,regular,1,2078cf3a06d1789952b0f187040a287f,train
/content/drive/MyDrive/ML/dataset/regular/02537_00.jpg,02537_00.jpg,regular,1,c46cdad239c13335f95dc87707b2c22f,train
/content/drive/MyDrive/ML/dataset/regular/03366_00.jpg,03366_00.jpg,regular,1,da940b2f55792d18293b3bf6003f2ce6,train
/content/drive/MyDrive/ML/dataset/tight/09018_00.jpg,09018_00.jpg,tight,0,e1b30d653e4314d9d53a6691d07f8f73,train
/content/drive/MyDrive/ML/dataset/oversized/14660_00.jpg,14660_00.jpg,oversized,2,6b55054f380e492962a08ed57162080c,train
/content/drive/MyDrive/ML/dataset/tight/05095_00.jpg,05095_00.jpg,tight,0,274226206a05240b376130dfcee1725a,train
/content/drive/MyDrive/ML/dataset/regular/01169_00.jpg,01169_00.jpg,regular,1,3cf308ca94461ad746943355da0306a7,train
/content/drive/MyDrive/ML/dataset/tight/02372_00.jpg,02372_00.jpg,tight,0,374ba7a444b76c269c7b821ffc7af5b0,train
/content/drive/MyDrive/ML/dataset/oversized/08458_00.jpg,08458_00.jpg,oversized,2,6513586e1b254f2bc452faded138152a,train
/content/drive/MyDrive/ML/dataset/oversized/01140_00.jpg,01140_00.jpg,oversized,2,e71aa7c8ef3cd581ed627833b57bc59e,train
/content/drive/MyDrive/ML/dataset/regular/01827_00.jpg,01827_00.jpg,regular,1,aa80eae3b002ee89bb310412388c8200,train
/content/drive/MyDrive/ML/dataset/oversized/10576_00.jpg,10576_00.jpg,oversized,2,e6f2204b0e3d1ba3dab8857ec1ffb4e2,train
/content/drive/MyDrive/ML/dataset/tight/07637_00.jpg,07637_00.jpg,tight,0,975b5f2479943c8680e82d1fc11448ac,train
/content/drive/MyDrive/ML/dataset/oversized/05441_00.jpg,05441_00.jpg,oversized,2,c3a85188cf04c1251782396f7dffee32,train
/content/drive/MyDrive/ML/dataset/tight/08072_00.jpg,08072_00.jpg,tight,0,665207e874eddd2f8009727d24286c0b,train
/content/drive/MyDrive/ML/dataset/tight/04075_00.jpg,04075_00.jpg,tight,0,7a086d739ddb1fba14c42e27d517a0a5,train
/content/drive/MyDrive/ML/dataset/regular/02432_00.jpg,02432_00.jpg,regular,1,94646fc71ec9435200fd475d2908b76d,train
/content/drive/MyDrive/ML/dataset/oversized/03325_00.jpg,03325_00.jpg,oversized,2,581667a409f3d42741dd9bbd154a9bc6,train
/content/drive/MyDrive/ML/dataset/tight/03890_00.jpg,03890_00.jpg,tight,0,02e0c1197252c2916bf4709effb7650f,train
/content/drive/MyDrive/ML/dataset/tight/04577_00.jpg,04577_00.jpg,tight,0,9ae745577be03083191c68fca80fa691,train
/content/drive/MyDrive/ML/dataset/oversized/03428_00.jpg,03428_00.jpg,oversized,2,914d5be8b205e603601a33fba06b1123,train
/content/drive/MyDrive/ML/dataset/tight/02527_00.jpg,02527_00.jpg,tight,0,16532545701f8da48b16b60a01cded28,train
/content/drive/MyDrive/ML/dataset/regular/00006_00.jpg,00006_00.jpg,regular,1,895641f0f58964d090aebf9c5dd993e9,train
/content/drive/MyDrive/ML/dataset/tight/07532_00.jpg,07532_00.jpg,tight,0,913bfe7fe177b29b4dc51d357a5f873c,train
/content/drive/MyDrive/ML/dataset/oversized/13468_00.jpg,13468_00.jpg,oversized,2,191a5f968cc6e8c225249ec19f513800,train
/content/drive/MyDrive/ML/dataset/tight/02364_00.jpg,02364_00.jpg,tight,0,a56df2897a18655e0bdc67d9f69c1b33,train
/content/drive/MyDrive/ML/dataset/tight/07353_00.jpg,07353_00.jpg,tight,0,061401daa343ce94fbb44c61a20c0630,train
/content/drive/MyDrive/ML/dataset/regular/02345_00.jpg,02345_00.jpg,regular,1,a5eb0c133359b705596cb593727031e3,train
/content/drive/MyDrive/ML/dataset/tight/06128_00.jpg,06128_00.jpg,tight,0,8b4986d30a0319b7be200d9e5f9e6989,train
/content/drive/MyDrive/ML/dataset/regular/01503_00.jpg,01503_00.jpg,regular,1,4a0fbe4b291fbd1578cb0cb5351a850c,train
/content/drive/MyDrive/ML/dataset/oversized/00790_00.jpg,00790_00.jpg,oversized,2,01532ab8945e8881237d8def81e7ead3,train
/content/drive/MyDrive/ML/dataset/regular/09382_00.jpg,09382_00.jpg,regular,1,3a1f4d149489fc56193f3a0c6e90dfe8,train
/content/drive/MyDrive/ML/dataset/oversized/05171_00.jpg,05171_00.jpg,oversized,2,b015abbdbde49d9f3ca8e3eab5c73cd1,train
/content/drive/MyDrive/ML/dataset/regular/01374_00.jpg,01374_00.jpg,regular,1,f1ca2204e7e7115a42b406d01dd28d72,train
/content/drive/MyDrive/ML/dataset/oversized/13227_00.jpg,13227_00.jpg,oversized,2,bd9e758f220f18d91b7841e7ade519db,train
/content/drive/MyDrive/ML/dataset/regular/05011_00.jpg,05011_00.jpg,regular,1,03147b05d3b8595dc30bb97696e5293f,train
/content/drive/MyDrive/ML/dataset/tight/04853_00.jpg,04853_00.jpg,tight,0,f4fd4154165225fe349916b04ed8d752,train
/content/drive/MyDrive/ML/dataset/oversized/01341_00.jpg,01341_00.jpg,oversized,2,bba4b1ebef78dfc83ea2c1bd2dec3343,train
/content/drive/MyDrive/ML/dataset/oversized/10102_00.jpg,10102_00.jpg,oversized,2,2f2072f30644ad644d4691417e3db6c8,train
/content/drive/MyDrive/ML/dataset/oversized/09381_00.jpg,09381_00.jpg,oversized,2,25936f216d3c2273f6c60f7b00805da5,train
/content/drive/MyDrive/ML/dataset/oversized/10336_00.jpg,10336_00.jpg,oversized,2,de02f5479cf04b94440ed077e21a1581,train
/content/drive/MyDrive/ML/dataset/oversized/00750_00.jpg,00750_00.jpg,oversized,2,89835d0e3fca809ae4d32344bc662bfa,train
/content/drive/MyDrive/ML/dataset/regular/09520_00.jpg,09520_00.jpg,regular,1,57c014592a803f12b1299d4e486159ca,train
/content/drive/MyDrive/ML/dataset/regular/01188_00.jpg,01188_00.jpg,regular,1,01fc01ffd5fc2e75c37f7b90e2785a82,train
/content/drive/MyDrive/ML/dataset/regular/04561_00.jpg,04561_00.jpg,regular,1,bd2c67f68b86ae1bac9098c6b2524035,train
/content/drive/MyDrive/ML/dataset/tight/04109_00.jpg,04109_00.jpg,tight,0,e521ca5a0f4b148a2c287bbe30276233,train
/content/drive/MyDrive/ML/dataset/tight/08437_00.jpg,08437_00.jpg,tight,0,bd8df381d378683b2c82fdede21e1bf0,train
/content/drive/MyDrive/ML/dataset/regular/03230_00.jpg,03230_00.jpg,regular,1,0b509596e214725ad440d9cb44d31277,train
/content/drive/MyDrive/ML/dataset/tight/05202_00.jpg,05202_00.jpg,tight,0,322ee7332604c140e0dbeef301c1ca85,train
/content/drive/MyDrive/ML/dataset/tight/03943_00.jpg,03943_00.jpg,tight,0,24332c39c8eb641c12b3b6256f59c1f9,train
/content/drive/MyDrive/ML/dataset/regular/01300_00.jpg,01300_00.jpg,regular,1,4bd396833d969b0d15b76500c7fce304,train
/content/drive/MyDrive/ML/dataset/oversized/11553_00.jpg,11553_00.jpg,oversized,2,e62c85d1e1277c4e1b7b3b24f8a6cf99,train
/content/drive/MyDrive/ML/dataset/regular/00825_00.jpg,00825_00.jpg,regular,1,b16e7d65b9f4015e62946266557a484f,train
/content/drive/MyDrive/ML/dataset/regular/01541_00.jpg,01541_00.jpg,regular,1,25d579a8b3571727454621f829f0dcec,train
/content/drive/MyDrive/ML/dataset/oversized/00017_00.jpg,00017_00.jpg,oversized,2,396fae63654f2888e8a1238bc86030fc,train
/content/drive/MyDrive/ML/dataset/regular/06672_00.jpg,06672_00.jpg,regular,1,ce60dde41e93a5247e51b5b4a41f81ab,train
/content/drive/MyDrive/ML/dataset/regular/08098_00.jpg,08098_00.jpg,regular,1,f372108b935584ece82fd2fe0731a14e,train
/content/drive/MyDrive/ML/dataset/oversized/11457_00.jpg,11457_00.jpg,oversized,2,adf5e296470a9b4ca7b29669fc675c5d,train
/content/drive/MyDrive/ML/dataset/oversized/00161_00.jpg,00161_00.jpg,oversized,2,92b3ebe8ce6fc0f07ce8306ce9c04458,train
/content/drive/MyDrive/ML/dataset/oversized/00481_00.jpg,00481_00.jpg,oversized,2,a9361338ac42672036261a2bfcb60122,train
/content/drive/MyDrive/ML/dataset/regular/04153_00.jpg,04153_00.jpg,regular,1,8e6073fa189e85108dd8b77f45d0d6a5,train
/content/drive/MyDrive/ML/dataset/tight/05410_00.jpg,05410_00.jpg,tight,0,2772e70587870e01ecef39881c24fa7d,train
/content/drive/MyDrive/ML/dataset/tight/10404_00.jpg,10404_00.jpg,tight,0,5815d491f4ce8869d980172865b7994d,train
/content/drive/MyDrive/ML/dataset/regular/09915_00.jpg,09915_00.jpg,regular,1,9c689882a163edb8e83fd8353a40a8b5,train
/content/drive/MyDrive/ML/dataset/tight/04976_00.jpg,04976_00.jpg,tight,0,b29f765ac3be2e622cd6ba8f3c8fb9d4,train
/content/drive/MyDrive/ML/dataset/oversized/08140_00.jpg,08140_00.jpg,oversized,2,4f9bbe5b96e65d487c916acab2c88ff9,train
/content/drive/MyDrive/ML/dataset/oversized/11827_00.jpg,11827_00.jpg,oversized,2,aaa4d6feb98ad7359e9534b756939a50,train
/content/drive/MyDrive/ML/dataset/oversized/14258_00.jpg,14258_00.jpg,oversized,2,e72bb68cb7dd04967f8f87398a96abcd,train
/content/drive/MyDrive/ML/dataset/oversized/07995_00.jpg,07995_00.jpg,oversized,2,e8e50d05e8c3c9ca41dc3ef55e1d463c,train
/content/drive/MyDrive/ML/dataset/oversized/07581_00.jpg,07581_00.jpg,oversized,2,c64fa19f8a57b4f91d522ece4183d58a,train
/content/drive/MyDrive/ML/dataset/oversized/11685_00.jpg,11685_00.jpg,oversized,2,90847962c590f16a5ee766f0424ed83e,train
/content/drive/MyDrive/ML/dataset/regular/02436_00.jpg,02436_00.jpg,regular,1,2105f79979c1c7ea742412066d2c6a35,train
/content/drive/MyDrive/ML/dataset/regular/05256_00.jpg,05256_00.jpg,regular,1,c4543b134168531f78e6f8da19e9c7aa,train
/content/drive/MyDrive/ML/dataset/regular/04623_00.jpg,04623_00.jpg,regular,1,0db03e9e37e9ad76380b53a50b61d01b,train
/content/drive/MyDrive/ML/dataset/tight/05979_00.jpg,05979_00.jpg,tight,0,1dac6fe23529aa9a790392d0ccab364e,train
/content/drive/MyDrive/ML/dataset/tight/04746_00.jpg,04746_00.jpg,tight,0,d5a36cb4173d2ca488d5d97baab86187,train
/content/drive/MyDrive/ML/dataset/tight/05824_00.jpg,05824_00.jpg,tight,0,701bb6976b4b7cd6b613ecbbdff3494e,train
/content/drive/MyDrive/ML/dataset/tight/07245_00.jpg,07245_00.jpg,tight,0,dcf825496faadaf760e76d1d70f7efea,train
/content/drive/MyDrive/ML/dataset/regular/06192_00.jpg,06192_00.jpg,regular,1,4d7f2a35712dfa3d8ee6c3717a87f872,train
/content/drive/MyDrive/ML/dataset/tight/05120_00.jpg,05120_00.jpg,tight,0,82edde7116c541e90fba432435ec03fa,train
/content/drive/MyDrive/ML/dataset/tight/04373_00.jpg,04373_00.jpg,tight,0,94f33f6be7a7b6af1992d16b9d847d26,train
/content/drive/MyDrive/ML/dataset/tight/04009_00.jpg,04009_00.jpg,tight,0,b648a2870b92ae83fac64c1cc712fa81,train
/content/drive/MyDrive/ML/dataset/oversized/07120_00.jpg,07120_00.jpg,oversized,2,8952360998590361c9f96b68ddcc9f66,train
/content/drive/MyDrive/ML/dataset/regular/05226_00.jpg,05226_00.jpg,regular,1,e0945db75a3493a53342b77a84b81dd2,train
/content/drive/MyDrive/ML/dataset/oversized/02506_00.jpg,02506_00.jpg,oversized,2,4893722975fa9b1f0e02bba0740ec6a6,train
/content/drive/MyDrive/ML/dataset/oversized/00012_00.jpg,00012_00.jpg,oversized,2,d831f5ccb3631fb9a1c66d32ee2f6eaa,train
/content/drive/MyDrive/ML/dataset/oversized/01727_00.jpg,01727_00.jpg,oversized,2,a48ab397844dccf583228b0994fed8ee,train
/content/drive/MyDrive/ML/dataset/regular/04090_00.jpg,04090_00.jpg,regular,1,959ab7c8ff37a53bb023055298328c8a,train
/content/drive/MyDrive/ML/dataset/tight/05088_00.jpg,05088_00.jpg,tight,0,d43b027c54c779116c3e010e0264c866,train
/content/drive/MyDrive/ML/dataset/regular/01173_00.jpg,01173_00.jpg,regular,1,cccaf144314432701909a15612fc7a17,train
/content/drive/MyDrive/ML/dataset/oversized/13574_00.jpg,13574_00.jpg,oversized,2,5613e38e8687211b047149d91e22dc7c,train
/content/drive/MyDrive/ML/dataset/tight/05686_00.jpg,05686_00.jpg,tight,0,92c2acf779b78fb113ced1420347cee4,train
/content/drive/MyDrive/ML/dataset/oversized/10950_00.jpg,10950_00.jpg,oversized,2,48b4dd0b965cca969b16c4863929ed06,train
/content/drive/MyDrive/ML/dataset/oversized/03592_00.jpg,03592_00.jpg,oversized,2,872725bd926b37372572812128c24d4e,train
/content/drive/MyDrive/ML/dataset/tight/04183_00.jpg,04183_00.jpg,tight,0,1dc330c6aab233b04883767917307335,train
/content/drive/MyDrive/ML/dataset/oversized/03512_00.jpg,03512_00.jpg,oversized,2,937dfd2935259cfda5ded9652855873b,train
/content/drive/MyDrive/ML/dataset/regular/01035_00.jpg,01035_00.jpg,regular,1,fc0892d92ef881152bc16d1e8fb7336c,train
/content/drive/MyDrive/ML/dataset/oversized/03055_00.jpg,03055_00.jpg,oversized,2,64d3c982e85aebf504535a2293c622a1,train
/content/drive/MyDrive/ML/dataset/oversized/10421_00.jpg,10421_00.jpg,oversized,2,377d819a17af3d041829ee30f736540b,train
/content/drive/MyDrive/ML/dataset/oversized/14338_00.jpg,14338_00.jpg,oversized,2,ca84b4025664b990527dec49e05f405d,train
/content/drive/MyDrive/ML/dataset/oversized/05412_00.jpg,05412_00.jpg,oversized,2,97f389da30771153a51d6c56cda589b7,train
/content/drive/MyDrive/ML/dataset/oversized/04627_00.jpg,04627_00.jpg,oversized,2,9780a62ca49cbb775b651e5c02ac2b90,train
/content/drive/MyDrive/ML/dataset/tight/06407_00.jpg,06407_00.jpg,tight,0,dbd62544624ca2c1f9e64a8a2e5aff8a,train
/content/drive/MyDrive/ML/dataset/oversized/10717_00.jpg,10717_00.jpg,oversized,2,bd33e0bb1be1942399250618fdfacea9,train
/content/drive/MyDrive/ML/dataset/tight/05212_00.jpg,05212_00.jpg,tight,0,e1f6d54975fbfb29cfc13e34c8a61e0c,train
/content/drive/MyDrive/ML/dataset/oversized/14572_00.jpg,14572_00.jpg,oversized,2,7bdab0c7ea4c8096496e30729d0825e3,train
/content/drive/MyDrive/ML/dataset/regular/04927_00.jpg,04927_00.jpg,regular,1,65cec832c1d865a30ceb2c5d9f52abd2,train
/content/drive/MyDrive/ML/dataset/tight/04668_00.jpg,04668_00.jpg,tight,0,6d5101578592695a7a6bfa9759e9ef56,train
/content/drive/MyDrive/ML/dataset/tight/03374_00.jpg,03374_00.jpg,tight,0,347903d73e0d65e8c6d71540257e29e3,train
/content/drive/MyDrive/ML/dataset/oversized/12131_00.jpg,12131_00.jpg,oversized,2,e4ceef083b44d44804f9623cfbcd52ca,train
/content/drive/MyDrive/ML/dataset/tight/05121_00.jpg,05121_00.jpg,tight,0,7403dbac7a8b983f3aeec639569689e0,train
/content/drive/MyDrive/ML/dataset/tight/04482_00.jpg,04482_00.jpg,tight,0,5625570ac060042ea061341efaaedc67,train
/content/drive/MyDrive/ML/dataset/oversized/02070_00.jpg,02070_00.jpg,oversized,2,6b4f10eba2531103e16dc11c533855cd,train
/content/drive/MyDrive/ML/dataset/regular/03929_00.jpg,03929_00.jpg,regular,1,2531875c2d2699cde2a746e6a75cae51,train
/content/drive/MyDrive/ML/dataset/tight/03392_00.jpg,03392_00.jpg,tight,0,5867f84404150c501f2c26ef7d1393d1,train
/content/drive/MyDrive/ML/dataset/regular/01871_00.jpg,01871_00.jpg,regular,1,2cd8aaf2445f339ff8bf8ac61a1e1b6d,train
/content/drive/MyDrive/ML/dataset/tight/00342_00.jpg,00342_00.jpg,tight,0,16b3e075dcc9e70dfada76f146c01e6a,train
/content/drive/MyDrive/ML/dataset/oversized/00056_00.jpg,00056_00.jpg,oversized,2,038053fab2545621622bf482343afb6e,train
/content/drive/MyDrive/ML/dataset/tight/07430_00.jpg,07430_00.jpg,tight,0,2de6ec88d5f2d6626ec739e961ed8fea,train
/content/drive/MyDrive/ML/dataset/tight/05669_00.jpg,05669_00.jpg,tight,0,f9c22cf5db29320bd0eb0eb63d510a76,train
/content/drive/MyDrive/ML/dataset/oversized/00144_00.jpg,00144_00.jpg,oversized,2,04c63096423c409c43c352e22f5a5403,train
/content/drive/MyDrive/ML/dataset/tight/05217_00.jpg,05217_00.jpg,tight,0,910dcc6b450eade67124bd17c40dbdb0,train
/content/drive/MyDrive/ML/dataset/tight/03939_00.jpg,03939_00.jpg,tight,0,95fb9e533d76a81084277788d406060c,train
/content/drive/MyDrive/ML/dataset/oversized/02625_00.jpg,02625_00.jpg,oversized,2,7453b5d123cb6be0ded9c90fdf6a502e,train
/content/drive/MyDrive/ML/dataset/tight/03496_00.jpg,03496_00.jpg,tight,0,b6f35945609df4aaffa76fda7f52f7c7,train
/content/drive/MyDrive/ML/dataset/oversized/08239_00.jpg,08239_00.jpg,oversized,2,d8e80a883f9d5db91782607dbed49066,train
/content/drive/MyDrive/ML/dataset/oversized/04472_00.jpg,04472_00.jpg,oversized,2,c78a3f9c206fe44dcb28642239edb31f,train
/content/drive/MyDrive/ML/dataset/regular/06689_00.jpg,06689_00.jpg,regular,1,e95bb8bd397ddb15ed84860c8739acf7,train
/content/drive/MyDrive/ML/dataset/regular/05021_00.jpg,05021_00.jpg,regular,1,22f3ec6558adfa24aae155b3d32baece,train
/content/drive/MyDrive/ML/dataset/regular/02666_00.jpg,02666_00.jpg,regular,1,ac9ce08bcf42d8760fb6f4984e104ecd,train
/content/drive/MyDrive/ML/dataset/tight/07513_00.jpg,07513_00.jpg,tight,0,e05f21a1dcb8857a4295b0ba85611c45,train
/content/drive/MyDrive/ML/dataset/oversized/08076_00.jpg,08076_00.jpg,oversized,2,f08fde288e0794db50470c9799f9e8be,train
/content/drive/MyDrive/ML/dataset/regular/04679_00.jpg,04679_00.jpg,regular,1,7978384c4dcbf6c6f360b8a65c2d0e7e,train
/content/drive/MyDrive/ML/dataset/tight/04907_00.jpg,04907_00.jpg,tight,0,fc8aa3aa8b1cb425d148008d5cb9dbe3,train
/content/drive/MyDrive/ML/dataset/oversized/12271_00.jpg,12271_00.jpg,oversized,2,b50014770835bed80e2ab750bab6c2ea,train
/content/drive/MyDrive/ML/dataset/tight/04872_00.jpg,04872_00.jpg,tight,0,b8e4875dc77a5b83d1f598be3d1edc24,train
/content/drive/MyDrive/ML/dataset/regular/04945_00.jpg,04945_00.jpg,regular,1,414db5d2f2345f0e5a3cd52b875fcaf4,train
/content/drive/MyDrive/ML/dataset/tight/03509_00.jpg,03509_00.jpg,tight,0,da19701a8dee8bffea0c4aeefe4b37ec,train
/content/drive/MyDrive/ML/dataset/tight/05115_00.jpg,05115_00.jpg,tight,0,ec55b03663e04a6285615ee235108019,train
/content/drive/MyDrive/ML/dataset/oversized/09924_00.jpg,09924_00.jpg,oversized,2,3cd032a91712a4a9fac57127ebb11d36,train
/content/drive/MyDrive/ML/dataset/regular/01577_00.jpg,01577_00.jpg,regular,1,c15584bcff3b6fcee7a4a4b66b36a9f5,train
/content/drive/MyDrive/ML/dataset/oversized/11506_00.jpg,11506_00.jpg,oversized,2,a8e14c7f1c007417031d4e4d1abce639,train
/content/drive/MyDrive/ML/dataset/tight/07142_00.jpg,07142_00.jpg,tight,0,da46b1e2d4130ba1ec66fb5fc3d5ee70,train
/content/drive/MyDrive/ML/dataset/regular/05546_00.jpg,05546_00.jpg,regular,1,c8df1de82273fb62fb35bb3c729f4027,train
/content/drive/MyDrive/ML/dataset/tight/09262_00.jpg,09262_00.jpg,tight,0,cdf4a44f46c2ac91304116fb946d3741,train
/content/drive/MyDrive/ML/dataset/regular/01102_00.jpg,01102_00.jpg,regular,1,bff574ca5552ab5fd3fbd30e84cf1987,train
/content/drive/MyDrive/ML/dataset/oversized/00123_00.jpg,00123_00.jpg,oversized,2,6175619195f570bf3c63ba6b3747ff8f,train
/content/drive/MyDrive/ML/dataset/oversized/09149_00.jpg,09149_00.jpg,oversized,2,57033185f5b60bb534568c1bd7d6e647,train
/content/drive/MyDrive/ML/dataset/tight/04859_00.jpg,04859_00.jpg,tight,0,e39f9e3eb3a9b370872543f3f327c435,train
/content/drive/MyDrive/ML/dataset/regular/08878_00.jpg,08878_00.jpg,regular,1,3d1e47e74e7ae0aec6d94231a4ea1080,train
/content/drive/MyDrive/ML/dataset/oversized/13510_00.jpg,13510_00.jpg,oversized,2,c3ebb60c27cab85c86a2a9e07c394b72,train
/content/drive/MyDrive/ML/dataset/tight/04761_00.jpg,04761_00.jpg,tight,0,5d9ab037d5284424c62d44f8bdcd101b,train
/content/drive/MyDrive/ML/dataset/tight/02030_00.jpg,02030_00.jpg,tight,0,e2cab1fe655ae9d1e0d4ccb339e5fd69,train
/content/drive/MyDrive/ML/dataset/oversized/04975_00.jpg,04975_00.jpg,oversized,2,550aba11acfa70318b08f6af2956e85f,train
/content/drive/MyDrive/ML/dataset/oversized/10508_00.jpg,10508_00.jpg,oversized,2,e2141c6db7b4b1be2d957b34298593d0,train
/content/drive/MyDrive/ML/dataset/regular/06688_00.jpg,06688_00.jpg,regular,1,d12d1eb971d927f527f8d4fae8001d96,train
/content/drive/MyDrive/ML/dataset/tight/00627_00.jpg,00627_00.jpg,tight,0,0f350898a4af63793dcfb6d7ceadc38f,train
/content/drive/MyDrive/ML/dataset/regular/04124_00.jpg,04124_00.jpg,regular,1,d13b0482598664f1a5a9e1d7b919bcc2,train
/content/drive/MyDrive/ML/dataset/tight/05854_00.jpg,05854_00.jpg,tight,0,f9c3122ff63ae972fdd3881359fb716b,train
/content/drive/MyDrive/ML/dataset/tight/05883_00.jpg,05883_00.jpg,tight,0,991d7e53de46366de75f000b7b557ba2,train
/content/drive/MyDrive/ML/dataset/regular/07695_00.jpg,07695_00.jpg,regular,1,220f7b685762c865705238d9deb42954,train
/content/drive/MyDrive/ML/dataset/tight/03997_00.jpg,03997_00.jpg,tight,0,16d665d4d7ec458f07f2d76bd16aecf0,train
/content/drive/MyDrive/ML/dataset/tight/04245_00.jpg,04245_00.jpg,tight,0,c78e12f494d4daa2897deed856648572,train
/content/drive/MyDrive/ML/dataset/regular/05580_00.jpg,05580_00.jpg,regular,1,2f134a6dbbc186aeb846fe6c6e0dbdcd,train
/content/drive/MyDrive/ML/dataset/oversized/12034_00.jpg,12034_00.jpg,oversized,2,e388ae7c16ba3c701a5e303ee5772122,train
/content/drive/MyDrive/ML/dataset/tight/05221_00.jpg,05221_00.jpg,tight,0,68a1dde469249db3efc31be141e1d94e,train
/content/drive/MyDrive/ML/dataset/regular/06788_00.jpg,06788_00.jpg,regular,1,8af821f1cf293ba228b1cdea3806d3a9,train
/content/drive/MyDrive/ML/dataset/oversized/07676_00.jpg,07676_00.jpg,oversized,2,0b6e8504c508d14a1444f50b4210312e,train
/content/drive/MyDrive/ML/dataset/regular/03824_00.jpg,03824_00.jpg,regular,1,7575fa5dc95f9562ac71f6bd97ce954a,train
/content/drive/MyDrive/ML/dataset/oversized/08065_00.jpg,08065_00.jpg,oversized,2,0a45108898edb6ddc441fd53f686cd3b,train
/content/drive/MyDrive/ML/dataset/regular/03814_00.jpg,03814_00.jpg,regular,1,a4c507cc0df8749410352593b6c3d4f8,train
/content/drive/MyDrive/ML/dataset/tight/05548_00.jpg,05548_00.jpg,tight,0,b0eaf4e426950cb4ae774ff8e292820e,train
/content/drive/MyDrive/ML/dataset/oversized/04271_00.jpg,04271_00.jpg,oversized,2,55b7cb96bc5344b6dcfea3e3c5b5a6da,train
/content/drive/MyDrive/ML/dataset/regular/02244_00.jpg,02244_00.jpg,regular,1,54710bf9fcf4465d2c639c5e2a641423,train
/content/drive/MyDrive/ML/dataset/oversized/09290_00.jpg,09290_00.jpg,oversized,2,73882b73b81e603e273e6146d947306c,train
/content/drive/MyDrive/ML/dataset/tight/03887_00.jpg,03887_00.jpg,tight,0,15ba07f5d865b8403f16a7dc5624997b,train
/content/drive/MyDrive/ML/dataset/tight/08806_00.jpg,08806_00.jpg,tight,0,4d2ff24355fa513db67c69c14423a9d2,train
/content/drive/MyDrive/ML/dataset/oversized/10279_00.jpg,10279_00.jpg,oversized,2,ab1f40564f0a60d48e7330790352e847,train
/content/drive/MyDrive/ML/dataset/oversized/08327_00.jpg,08327_00.jpg,oversized,2,c1e16bd5f3cedce6a49a61b3bc0e7f89,train
/content/drive/MyDrive/ML/dataset/regular/00912_00.jpg,00912_00.jpg,regular,1,36c69c46e627ff77428e22a64993df6c,train
/content/drive/MyDrive/ML/dataset/regular/00721_00.jpg,00721_00.jpg,regular,1,59b8b48ca22cc6a72a15b41ae28b74cf,train
/content/drive/MyDrive/ML/dataset/oversized/01631_00.jpg,01631_00.jpg,oversized,2,7f04feb7d048d661a8f0ed31654c41e8,train
/content/drive/MyDrive/ML/dataset/regular/03603_00.jpg,03603_00.jpg,regular,1,c98981cfbb7148c3388ae0d35c94d0e5,train
/content/drive/MyDrive/ML/dataset/regular/06875_00.jpg,06875_00.jpg,regular,1,32510b7f8b0503ab85bc18f240662fd0,train
/content/drive/MyDrive/ML/dataset/regular/08866_00.jpg,08866_00.jpg,regular,1,d19339cff90399ae322f58ea0a6db452,train
/content/drive/MyDrive/ML/dataset/regular/03800_00.jpg,03800_00.jpg,regular,1,715d2e40e768875bbb59efeb194138ac,train
/content/drive/MyDrive/ML/dataset/oversized/07531_00.jpg,07531_00.jpg,oversized,2,6734449e29249198c301e0de5af6b11d,train
/content/drive/MyDrive/ML/dataset/tight/05703_00.jpg,05703_00.jpg,tight,0,622b017e40528ec3406cc301cb687a84,train
/content/drive/MyDrive/ML/dataset/regular/02584_00.jpg,02584_00.jpg,regular,1,9c9b58129252889f81ffe1b273f09914,train
/content/drive/MyDrive/ML/dataset/tight/02768_00.jpg,02768_00.jpg,tight,0,2ef785bfc784d8d2c9235ff55dd67044,train
/content/drive/MyDrive/ML/dataset/regular/03604_00.jpg,03604_00.jpg,regular,1,a6c9df5ff7b0f813d456840b13f56a8f,train
/content/drive/MyDrive/ML/dataset/oversized/00105_00.jpg,00105_00.jpg,oversized,2,6cfdcd24759b84f610f3163f73587ff9,train
/content/drive/MyDrive/ML/dataset/regular/04545_00.jpg,04545_00.jpg,regular,1,7904a749af4c53b7bf7c8eea56b0f269,train
/content/drive/MyDrive/ML/dataset/regular/04776_00.jpg,04776_00.jpg,regular,1,bd984cc07834cc3cc7ddbcf4fb8cad83,train
/content/drive/MyDrive/ML/dataset/oversized/13446_00.jpg,13446_00.jpg,oversized,2,138c5c3f9e6c6305ba7f54c51c251f0a,train
/content/drive/MyDrive/ML/dataset/regular/04653_00.jpg,04653_00.jpg,regular,1,c7876f7e5210c28997d256bc1dad7763,train
/content/drive/MyDrive/ML/dataset/tight/04069_00.jpg,04069_00.jpg,tight,0,d0e493b9ac786d11ea714d9e64323505,train
/content/drive/MyDrive/ML/dataset/regular/02218_00.jpg,02218_00.jpg,regular,1,5c155bc5e4ed986bbe008f0be2c7e9d6,train
/content/drive/MyDrive/ML/dataset/oversized/12151_00.jpg,12151_00.jpg,oversized,2,36ad1ecd19883a9a9524950187692f2d,train
/content/drive/MyDrive/ML/dataset/tight/05333_00.jpg,05333_00.jpg,tight,0,9f4270aea3d6708b43c75c52221feaaa,train
/content/drive/MyDrive/ML/dataset/regular/02264_00.jpg,02264_00.jpg,regular,1,e8375b0810f5b8dc9e2ccd2b3d018cf6,train
/content/drive/MyDrive/ML/dataset/oversized/00503_00.jpg,00503_00.jpg,oversized,2,ba1f9804ca37186dc46087adbf38c3b6,train
/content/drive/MyDrive/ML/dataset/tight/04012_00.jpg,04012_00.jpg,tight,0,c6d5b729d1bb233b2e574468c4852515,train
/content/drive/MyDrive/ML/dataset/oversized/05006_00.jpg,05006_00.jpg,oversized,2,c0479badad4e70e79b2aceaab2257fb2,train
/content/drive/MyDrive/ML/dataset/regular/03611_00.jpg,03611_00.jpg,regular,1,ad64c715214eacbd59e3268671b3a7d3,train
/content/drive/MyDrive/ML/dataset/tight/04902_00.jpg,04902_00.jpg,tight,0,aacd1fb60581f286fae81477f7dc5db2,train
/content/drive/MyDrive/ML/dataset/tight/05432_00.jpg,05432_00.jpg,tight,0,e845fb483bfeb0c57c3304ff62528ab2,train
/content/drive/MyDrive/ML/dataset/tight/08253_00.jpg,08253_00.jpg,tight,0,5b00cc9786335d0e69326327aa650da8,train
/content/drive/MyDrive/ML/dataset/regular/06293_00.jpg,06293_00.jpg,regular,1,a4ea7299a6902089a7af85c13058347e,train
/content/drive/MyDrive/ML/dataset/oversized/10532_00.jpg,10532_00.jpg,oversized,2,a4de2f2e4e0351feae2f2050ea490819,train
/content/drive/MyDrive/ML/dataset/regular/05371_00.jpg,05371_00.jpg,regular,1,d3c5e8c7e26a9cc2d52266e5d2ebce78,train
/content/drive/MyDrive/ML/dataset/regular/04795_00.jpg,04795_00.jpg,regular,1,aa7b4fa0fe356740d2edf3341b4d9da6,train
/content/drive/MyDrive/ML/dataset/oversized/10641_00.jpg,10641_00.jpg,oversized,2,d02d859e20d7e8a719d0e2b9b4feb369,train
/content/drive/MyDrive/ML/dataset/oversized/14471_00.jpg,14471_00.jpg,oversized,2,84833fbdcc7e7ec447bea0b23ac07f87,train
/content/drive/MyDrive/ML/dataset/regular/10030_00.jpg,10030_00.jpg,regular,1,0cebb59d23314b7ecfa5fa4a31f91bd1,train
/content/drive/MyDrive/ML/dataset/tight/01861_00.jpg,01861_00.jpg,tight,0,0be890f372465783586a82e4dc372ef2,train
/content/drive/MyDrive/ML/dataset/oversized/11490_00.jpg,11490_00.jpg,oversized,2,490342c081857a7cf334720c2823cea6,train
/content/drive/MyDrive/ML/dataset/tight/05718_00.jpg,05718_00.jpg,tight,0,354c62142c767f909a74274175e210ca,train
/content/drive/MyDrive/ML/dataset/regular/00902_00.jpg,00902_00.jpg,regular,1,fe6e1250ce06f8a4750a32491cda7318,train
/content/drive/MyDrive/ML/dataset/regular/03557_00.jpg,03557_00.jpg,regular,1,6c6c8b63f1ef9398aa01a3bb169b02c8,train
/content/drive/MyDrive/ML/dataset/tight/00906_00.jpg,00906_00.jpg,tight,0,55fb503a88b8ff651d9eea62fef0972f,train
/content/drive/MyDrive/ML/dataset/regular/01858_00.jpg,01858_00.jpg,regular,1,d7190588ad89a7fb7e47b762e21c972d,train
/content/drive/MyDrive/ML/dataset/regular/01806_00.jpg,01806_00.jpg,regular,1,5c58d137bbcfe282f4a7cdb1f067922b,train
/content/drive/MyDrive/ML/dataset/oversized/09470_00.jpg,09470_00.jpg,oversized,2,2e2d34bf4d900e40624bbadc12743d28,train
/content/drive/MyDrive/ML/dataset/regular/02988_00.jpg,02988_00.jpg,regular,1,67dacc68922755f8bf83ad925156647d,train
/content/drive/MyDrive/ML/dataset/regular/02262_00.jpg,02262_00.jpg,regular,1,1df8c8ad5eaec6f21e4b8a7419ac43be,train
/content/drive/MyDrive/ML/dataset/regular/03141_00.jpg,03141_00.jpg,regular,1,ed3bee1caa6632475b5c4ed328eb4377,train
/content/drive/MyDrive/ML/dataset/tight/03958_00.jpg,03958_00.jpg,tight,0,824d4b4b339b903364968a742fdf2518,train
/content/drive/MyDrive/ML/dataset/oversized/08658_00.jpg,08658_00.jpg,oversized,2,c24c51baa28aea91e855a778d228aa39,train
/content/drive/MyDrive/ML/dataset/oversized/07379_00.jpg,07379_00.jpg,oversized,2,c9efc2b11a824b332a2cdfa7a97da408,train
/content/drive/MyDrive/ML/dataset/tight/04876_00.jpg,04876_00.jpg,tight,0,708a06c1bb416376d10e3fca43033e97,train
/content/drive/MyDrive/ML/dataset/regular/08340_00.jpg,08340_00.jpg,regular,1,553c3571a5831e7578d6c6115c92a875,train
/content/drive/MyDrive/ML/dataset/regular/00456_00.jpg,00456_00.jpg,regular,1,1f5d4cbc7b3e4f47b455eecf9ae819be,train
/content/drive/MyDrive/ML/dataset/tight/02015_00.jpg,02015_00.jpg,tight,0,2cce4cd65692f4c93b4ac6d729155288,train
/content/drive/MyDrive/ML/dataset/regular/01824_00.jpg,01824_00.jpg,regular,1,b967104dffa8c9da59a4d4dc16f07483,train
/content/drive/MyDrive/ML/dataset/regular/04716_00.jpg,04716_00.jpg,regular,1,0a17955b7b5fe04d219e50551f9b7415,train
/content/drive/MyDrive/ML/dataset/tight/00782_00.jpg,00782_00.jpg,tight,0,23fee03229e7d5f45a55ae9dca498ba7,train
/content/drive/MyDrive/ML/dataset/tight/04190_00.jpg,04190_00.jpg,tight,0,b18987c87d2cb01e6c84d108e7b0ce30,train
/content/drive/MyDrive/ML/dataset/regular/12295_00.jpg,12295_00.jpg,regular,1,bf8833faa3eccd8bfdb9d805ef19ba5d,train
/content/drive/MyDrive/ML/dataset/oversized/09482_00.jpg,09482_00.jpg,oversized,2,dff5082954402409ef9028dc9d9473d4,train
/content/drive/MyDrive/ML/dataset/tight/07219_00.jpg,07219_00.jpg,tight,0,79a3f1f84ffbd9c8ce932fda0bc1968f,train
/content/drive/MyDrive/ML/dataset/regular/04819_00.jpg,04819_00.jpg,regular,1,7610a9896c5d9da740a638ff495f83e0,train
/content/drive/MyDrive/ML/dataset/oversized/03938_00.jpg,03938_00.jpg,oversized,2,986664719d8c5e3ac99da64150d0ead6,train
/content/drive/MyDrive/ML/dataset/regular/01265_00.jpg,01265_00.jpg,regular,1,817395a24ffa4715f0b000c608d31a62,train
/content/drive/MyDrive/ML/dataset/oversized/00103_00.jpg,00103_00.jpg,oversized,2,842d734d14d1cc18f9b67459bc6be580,train
/content/drive/MyDrive/ML/dataset/tight/05349_00.jpg,05349_00.jpg,tight,0,095704a70e2ffddba93ba5961c1c0ddf,train
/content/drive/MyDrive/ML/dataset/oversized/08373_00.jpg,08373_00.jpg,oversized,2,af693d034c88a412b6619111886eaa4b,train
/content/drive/MyDrive/ML/dataset/tight/05057_00.jpg,05057_00.jpg,tight,0,d98982d54acde74730764826e846523f,train
/content/drive/MyDrive/ML/dataset/tight/05180_00.jpg,05180_00.jpg,tight,0,59bbbe6c73ca0a05923461a4f2d076d7,train
/content/drive/MyDrive/ML/dataset/oversized/11316_00.jpg,11316_00.jpg,oversized,2,d12d2322519b8c2dde30c294074c203f,train
/content/drive/MyDrive/ML/dataset/oversized/12689_00.jpg,12689_00.jpg,oversized,2,f964ec8396dde4bb61472d0be72f4672,train
/content/drive/MyDrive/ML/dataset/tight/05681_00.jpg,05681_00.jpg,tight,0,e99a9aed3f67ce4e788470d7c7274323,train
/content/drive/MyDrive/ML/dataset/tight/02636_00.jpg,02636_00.jpg,tight,0,dba864c828c626acf6eb7d22ef1f6494,train
/content/drive/MyDrive/ML/dataset/tight/07584_00.jpg,07584_00.jpg,tight,0,57560dc657134d40f0eb1d0636f7a2d8,train
/content/drive/MyDrive/ML/dataset/oversized/14252_00.jpg,14252_00.jpg,oversized,2,367bd06db96d99788b9cb81c4aed91bf,train
/content/drive/MyDrive/ML/dataset/tight/04678_00.jpg,04678_00.jpg,tight,0,c31a0086b90d1bc57f5bd3e781e00b4d,train
/content/drive/MyDrive/ML/dataset/regular/05290_00.jpg,05290_00.jpg,regular,1,c8efe17463f23374358da9ce76d7f133,train
/content/drive/MyDrive/ML/dataset/tight/03763_00.jpg,03763_00.jpg,tight,0,96d74a9f443a3707bc33b7bdf2fdf8d1,train
/content/drive/MyDrive/ML/dataset/oversized/10435_00.jpg,10435_00.jpg,oversized,2,88f355df2c751dfacc86eb5c53cbe5ba,train
/content/drive/MyDrive/ML/dataset/regular/04497_00.jpg,04497_00.jpg,regular,1,6f206277625c16f4c2a9331414d8d92c,train
/content/drive/MyDrive/ML/dataset/tight/04457_00.jpg,04457_00.jpg,tight,0,ec9e7f617a98adf861f89959282c8ffc,train
/content/drive/MyDrive/ML/dataset/tight/05112_00.jpg,05112_00.jpg,tight,0,021f5daab84b36a56641a41eb18658fc,train
/content/drive/MyDrive/ML/dataset/oversized/07388_00.jpg,07388_00.jpg,oversized,2,c4731a6f1a77b76b08a7cffb662a649b,train
/content/drive/MyDrive/ML/dataset/regular/00484_00.jpg,00484_00.jpg,regular,1,b479d9507dd90c654539568a3a78d19f,train
/content/drive/MyDrive/ML/dataset/tight/00645_00.jpg,00645_00.jpg,tight,0,71d0b1583211e6781a53ddd27f5a5ab3,train
/content/drive/MyDrive/ML/dataset/oversized/14164_00.jpg,14164_00.jpg,oversized,2,e2a9a77286634ad3fc8c27b13e47eb08,train
/content/drive/MyDrive/ML/dataset/oversized/13532_00.jpg,13532_00.jpg,oversized,2,60b270707897ab68d2651844e7524400,train
/content/drive/MyDrive/ML/dataset/tight/04536_00.jpg,04536_00.jpg,tight,0,78a3f6ad0895fd15b40a54b3a162a333,train
/content/drive/MyDrive/ML/dataset/tight/00458_00.jpg,00458_00.jpg,tight,0,336b4f8b3a8fa8436efa91f94d22de36,train
/content/drive/MyDrive/ML/dataset/tight/01963_00.jpg,01963_00.jpg,tight,0,7e96c8fc0c5afd4e7bbd2024e829ed06,train
/content/drive/MyDrive/ML/dataset/tight/01215_00.jpg,01215_00.jpg,tight,0,5bc86739c6487ada1de0aafaab3e4171,train
/content/drive/MyDrive/ML/dataset/oversized/03293_00.jpg,03293_00.jpg,oversized,2,7174f9b5f54034e5baff8b5706a1c5c2,train
/content/drive/MyDrive/ML/dataset/regular/02129_00.jpg,02129_00.jpg,regular,1,099b10a5252ea7e3a91f6e59561a56fe,train
/content/drive/MyDrive/ML/dataset/tight/00373_00.jpg,00373_00.jpg,tight,0,f0a86a46ae08389b50888d72eeb5c052,train
/content/drive/MyDrive/ML/dataset/oversized/08196_00.jpg,08196_00.jpg,oversized,2,8e63c63e4a4ac95dfccacbcac7aa5b28,train
/content/drive/MyDrive/ML/dataset/regular/02728_00.jpg,02728_00.jpg,regular,1,6ed1a4580ddc1d80d6adfbab16c924a6,train
/content/drive/MyDrive/ML/dataset/regular/03442_00.jpg,03442_00.jpg,regular,1,65d64f144cbb66509477b7948df941c2,train
/content/drive/MyDrive/ML/dataset/regular/10458_00.jpg,10458_00.jpg,regular,1,3ddc1c071033ee8221f042806c4e16d8,train
/content/drive/MyDrive/ML/dataset/tight/04083_00.jpg,04083_00.jpg,tight,0,fca8c982ef71e58704f44d872b662948,train
/content/drive/MyDrive/ML/dataset/tight/05185_00.jpg,05185_00.jpg,tight,0,3000d0aa7536775d247ec85340a8002f,train
/content/drive/MyDrive/ML/dataset/oversized/06543_00.jpg,06543_00.jpg,oversized,2,6e7ea721681879453aaf415e1aaef0c7,train
/content/drive/MyDrive/ML/dataset/oversized/10264_00.jpg,10264_00.jpg,oversized,2,a0de578527557ecf98a864bfa45b2349,train
/content/drive/MyDrive/ML/dataset/regular/08737_00.jpg,08737_00.jpg,regular,1,2e238d334ebeeeacd48bc22e70193479,train
/content/drive/MyDrive/ML/dataset/regular/02091_00.jpg,02091_00.jpg,regular,1,bb98c95c77f7bc939fee9ca177c6dd1c,train
/content/drive/MyDrive/ML/dataset/regular/01674_00.jpg,01674_00.jpg,regular,1,b7303e44a4cefe26bff3cc68e11a9c62,train
/content/drive/MyDrive/ML/dataset/regular/00359_00.jpg,00359_00.jpg,regular,1,69f573d4eb465f39837dcbf305a817fe,train
/content/drive/MyDrive/ML/dataset/regular/04913_00.jpg,04913_00.jpg,regular,1,087dfd74018ab6a0f5310a5730656b61,train
/content/drive/MyDrive/ML/dataset/tight/05106_00.jpg,05106_00.jpg,tight,0,505bc6b56075085430093d87f3dbd404,train
/content/drive/MyDrive/ML/dataset/regular/00003_00.jpg,00003_00.jpg,regular,1,af28e7e28f3f7cec3bf29a66b3a48699,train
/content/drive/MyDrive/ML/dataset/oversized/02640_00.jpg,02640_00.jpg,oversized,2,c4918e9b10cb10cf46f27715940135a1,train
/content/drive/MyDrive/ML/dataset/oversized/07274_00.jpg,07274_00.jpg,oversized,2,2dcc1094d38feffc2ef1fe351daec9c9,train
/content/drive/MyDrive/ML/dataset/regular/01336_00.jpg,01336_00.jpg,regular,1,764bf199493d8b99579aba134262a296,train
/content/drive/MyDrive/ML/dataset/oversized/00529_00.jpg,00529_00.jpg,oversized,2,61631016c4598a69f42b43f5c75ca4b1,train
/content/drive/MyDrive/ML/dataset/oversized/11282_00.jpg,11282_00.jpg,oversized,2,fb530f34592c93afdf6c8567f3641ea1,train
/content/drive/MyDrive/ML/dataset/tight/04556_00.jpg,04556_00.jpg,tight,0,56d1077ada385770900aaea6795e1097,train
/content/drive/MyDrive/ML/dataset/oversized/08398_00.jpg,08398_00.jpg,oversized,2,7e2e704b1ba4675d9b5cbdd3cfaf69d0,train
/content/drive/MyDrive/ML/dataset/tight/04451_00.jpg,04451_00.jpg,tight,0,d7a87f09a4ca111765941baacb1be985,train
/content/drive/MyDrive/ML/dataset/oversized/11979_00.jpg,11979_00.jpg,oversized,2,ecbd52575b39c5c2506ca924684f6599,train
/content/drive/MyDrive/ML/dataset/regular/07639_00.jpg,07639_00.jpg,regular,1,6b1cf4fbdea3fc6f321fd05ac48981c7,train
/content/drive/MyDrive/ML/dataset/oversized/13205_00.jpg,13205_00.jpg,oversized,2,f2274129a563190ecaaf297f51513d06,train
/content/drive/MyDrive/ML/dataset/regular/04699_00.jpg,04699_00.jpg,regular,1,ce78e5709e7d19aeb97f99f4049d2136,train
/content/drive/MyDrive/ML/dataset/regular/06186_00.jpg,06186_00.jpg,regular,1,7d36e124b295c8db01064217161c9e5f,train
/content/drive/MyDrive/ML/dataset/tight/08221_00.jpg,08221_00.jpg,tight,0,603928424e004c70f2b77bd2ca2d25c3,train
/content/drive/MyDrive/ML/dataset/oversized/12335_00.jpg,12335_00.jpg,oversized,2,c3089966c13878de79f7b71822785917,train
/content/drive/MyDrive/ML/dataset/oversized/00186_00.jpg,00186_00.jpg,oversized,2,56a3dcbc3c5e88a06d9bc0660041ef08,train
/content/drive/MyDrive/ML/dataset/tight/04682_00.jpg,04682_00.jpg,tight,0,73ef0ea13dab07120c7d1c058cb0d5ab,train
/content/drive/MyDrive/ML/dataset/oversized/14667_00.jpg,14667_00.jpg,oversized,2,e8ab32354e2ec939c0dd5ce1decff4a2,train
/content/drive/MyDrive/ML/dataset/oversized/14520_00.jpg,14520_00.jpg,oversized,2,9b23d255a02bf682090efe921ab24208,train
/content/drive/MyDrive/ML/dataset/tight/07221_00.jpg,07221_00.jpg,tight,0,753e8b8e29bdc377c10a893356f602f4,train
/content/drive/MyDrive/ML/dataset/regular/03408_00.jpg,03408_00.jpg,regular,1,dce80a4737cc82c6f74db2877e61e453,train
/content/drive/MyDrive/ML/dataset/oversized/01214_00.jpg,01214_00.jpg,oversized,2,cec3bb71bbd77516e6e102eb1fce29d0,train
/content/drive/MyDrive/ML/dataset/tight/02004_00.jpg,02004_00.jpg,tight,0,d8c34ef2cd8ae82cdc7fe50f9e9e8b28,train
/content/drive/MyDrive/ML/dataset/tight/04918_00.jpg,04918_00.jpg,tight,0,103c9fafe910c6eb6f2bf5bb18d629f8,train
/content/drive/MyDrive/ML/dataset/oversized/00330_00.jpg,00330_00.jpg,oversized,2,06ffee7512e41402953bd9fb1f63106c,train
/content/drive/MyDrive/ML/dataset/regular/04531_00.jpg,04531_00.jpg,regular,1,24c907e4c0423a81b4eeabe509c907d5,train
/content/drive/MyDrive/ML/dataset/oversized/12887_00.jpg,12887_00.jpg,oversized,2,5a4c2c3370dc37acccd1ad9a54b8a609,train
/content/drive/MyDrive/ML/dataset/regular/03153_00.jpg,03153_00.jpg,regular,1,8fffc43949a61b34275282d76a566f16,train
/content/drive/MyDrive/ML/dataset/regular/06366_00.jpg,06366_00.jpg,regular,1,5b64380bc81d6644de1542ad7b554fe4,train
/content/drive/MyDrive/ML/dataset/regular/04912_00.jpg,04912_00.jpg,regular,1,6d8ad6228838d346cc8261c6873d2c9e,train
/content/drive/MyDrive/ML/dataset/tight/05484_00.jpg,05484_00.jpg,tight,0,88b3f7ff3c7be08d0603087e00d85d41,train
/content/drive/MyDrive/ML/dataset/regular/02885_00.jpg,02885_00.jpg,regular,1,62d62d9ad04c40f9ad1bdb2cd7e8a21f,train
/content/drive/MyDrive/ML/dataset/tight/06732_00.jpg,06732_00.jpg,tight,0,50f7196325ed8a84cb6a4ab40a02b3d6,train
/content/drive/MyDrive/ML/dataset/regular/03736_00.jpg,03736_00.jpg,regular,1,18a2c5a15de62e4157af60566c3542c0,train
/content/drive/MyDrive/ML/dataset/tight/07822_00.jpg,07822_00.jpg,tight,0,3c1ef586e991b32f9973f955090ac2c3,train
/content/drive/MyDrive/ML/dataset/tight/06158_00.jpg,06158_00.jpg,tight,0,39b18443146eaf6e677b126e67a35620,train
/content/drive/MyDrive/ML/dataset/oversized/14097_00.jpg,14097_00.jpg,oversized,2,8339859455e1148a5940d31f9d0dba54,train
/content/drive/MyDrive/ML/dataset/oversized/09772_00.jpg,09772_00.jpg,oversized,2,6118324f58516a692a4fe683d50f1146,train
/content/drive/MyDrive/ML/dataset/tight/08512_00.jpg,08512_00.jpg,tight,0,0323025ed08883cda44e15f987c9ce33,train
/content/drive/MyDrive/ML/dataset/tight/04973_00.jpg,04973_00.jpg,tight,0,644701019f68a192a329686b11f7a476,train
/content/drive/MyDrive/ML/dataset/oversized/10053_00.jpg,10053_00.jpg,oversized,2,b1764056536bdb445a459b49f21ab8d4,train
/content/drive/MyDrive/ML/dataset/regular/00172_00.jpg,00172_00.jpg,regular,1,8999cb8f8ad5787f83c04cd767da5b9f,train
/content/drive/MyDrive/ML/dataset/tight/03972_00.jpg,03972_00.jpg,tight,0,7c7ca309ef06407f678ec4c004563dac,train
/content/drive/MyDrive/ML/dataset/regular/04065_00.jpg,04065_00.jpg,regular,1,7c0571865ac8d03a948ac06b4948f439,train
/content/drive/MyDrive/ML/dataset/regular/04061_00.jpg,04061_00.jpg,regular,1,efa1100185b4efa6dfc3d4747d9b7a0d,train
/content/drive/MyDrive/ML/dataset/tight/05085_00.jpg,05085_00.jpg,tight,0,3508c6d500e25d87938f1a71b00a1c74,train
/content/drive/MyDrive/ML/dataset/tight/07631_00.jpg,07631_00.jpg,tight,0,cae7e9ba4040f44b244f6afc98e26f5b,train
/content/drive/MyDrive/ML/dataset/tight/05347_00.jpg,05347_00.jpg,tight,0,84ee6dedc04aebd224b896c458d7eead,train
/content/drive/MyDrive/ML/dataset/regular/07675_00.jpg,07675_00.jpg,regular,1,573354f1662e4b0bdf40957150a8b669,train
/content/drive/MyDrive/ML/dataset/oversized/10077_00.jpg,10077_00.jpg,oversized,2,927b36da983f649a04cc7c6ffa5d3abc,train
/content/drive/MyDrive/ML/dataset/regular/00009_00.jpg,00009_00.jpg,regular,1,95b06c34a0764bacb7555ab0a3b9c334,train
/content/drive/MyDrive/ML/dataset/oversized/01267_00.jpg,01267_00.jpg,oversized,2,b5009d1ffc191d3374c066e86baf6b64,train
/content/drive/MyDrive/ML/dataset/tight/05435_00.jpg,05435_00.jpg,tight,0,d1780276bfd14d2f3d79eb9ca3742947,train
/content/drive/MyDrive/ML/dataset/regular/08372_00.jpg,08372_00.jpg,regular,1,8aefe16e7903de23233970fde088acfa,train
/content/drive/MyDrive/ML/dataset/regular/07160_00.jpg,07160_00.jpg,regular,1,e37aa3a3f04f9417e06bea16ae0713a9,train
/content/drive/MyDrive/ML/dataset/tight/06495_00.jpg,06495_00.jpg,tight,0,2ca92928f79aea0751efc805f05a03a8,train
/content/drive/MyDrive/ML/dataset/oversized/00121_00.jpg,00121_00.jpg,oversized,2,901c7dbeb95100e789c7fc9325e89534,train
/content/drive/MyDrive/ML/dataset/oversized/11043_00.jpg,11043_00.jpg,oversized,2,cbfb27f0acbdb6bea07f84483196b35d,train
/content/drive/MyDrive/ML/dataset/tight/05844_00.jpg,05844_00.jpg,tight,0,29a6e6b015d7cb1cf270b62be338e5dc,train
/content/drive/MyDrive/ML/dataset/regular/04423_00.jpg,04423_00.jpg,regular,1,8ff1d820b69709eeab9143f885800fad,train
/content/drive/MyDrive/ML/dataset/regular/02029_00.jpg,02029_00.jpg,regular,1,ad7e4698ed48181bf0b78c5222f69877,train
/content/drive/MyDrive/ML/dataset/regular/01576_00.jpg,01576_00.jpg,regular,1,36a62df0feb56b8de48dd7b1266d4591,train
/content/drive/MyDrive/ML/dataset/oversized/10774_00.jpg,10774_00.jpg,oversized,2,1a51f756113716c84280de3ba1a026a1,train
/content/drive/MyDrive/ML/dataset/oversized/11335_00.jpg,11335_00.jpg,oversized,2,7053f96fd2189e49c9afcbe9b760e8de,train
/content/drive/MyDrive/ML/dataset/oversized/14650_00.jpg,14650_00.jpg,oversized,2,09634458404455c27d011114491b4dee,train
/content/drive/MyDrive/ML/dataset/regular/04602_00.jpg,04602_00.jpg,regular,1,039c6d331273872fc426c13a5e437593,train
/content/drive/MyDrive/ML/dataset/tight/05083_00.jpg,05083_00.jpg,tight,0,7e632f644c81d37382aa333bccc20add,train
/content/drive/MyDrive/ML/dataset/regular/02197_00.jpg,02197_00.jpg,regular,1,06039b4fb77d8833654feb6221a3ad42,train
/content/drive/MyDrive/ML/dataset/oversized/03192_00.jpg,03192_00.jpg,oversized,2,695328fda43217cef58aaca653171434,train
/content/drive/MyDrive/ML/dataset/regular/03854_00.jpg,03854_00.jpg,regular,1,906f25e7d420ed50652b4f47b9908377,train
/content/drive/MyDrive/ML/dataset/regular/02344_00.jpg,02344_00.jpg,regular,1,c1dc557bcb69721a2f75ac82e1c9dc26,train
/content/drive/MyDrive/ML/dataset/oversized/14533_00.jpg,14533_00.jpg,oversized,2,d6e450e697cf96a3cd814e2fd4ada065,test
/content/drive/MyDrive/ML/dataset/oversized/11126_00.jpg,11126_00.jpg,oversized,2,7fb717378748610b4989ff0c10ce0fe0,test
/content/drive/MyDrive/ML/dataset/tight/05544_00.jpg,05544_00.jpg,tight,0,d27cb0350c9ffa15bc193f2d3c4fe268,test
/content/drive/MyDrive/ML/dataset/tight/08064_00.jpg,08064_00.jpg,tight,0,45901fc4b919cb9fa071aae3da78c151,test
/content/drive/MyDrive/ML/dataset/regular/08853_00.jpg,08853_00.jpg,regular,1,9afe4f5d011648129b34debcac2a454a,test
/content/drive/MyDrive/ML/dataset/tight/09967_00.jpg,09967_00.jpg,tight,0,66671a8ad16cfafdb213dec3dd721102,test
/content/drive/MyDrive/ML/dataset/tight/08502_00.jpg,08502_00.jpg,tight,0,d4a9ec6622f2aca7e27e693144de4f84,test
/content/drive/MyDrive/ML/dataset/regular/01736_00.jpg,01736_00.jpg,regular,1,aec6f1f5bffe9dc609ffe9250f972024,test
/content/drive/MyDrive/ML/dataset/regular/04217_00.jpg,04217_00.jpg,regular,1,e15bb906bff105150a9051684359c54e,test
/content/drive/MyDrive/ML/dataset/regular/01796_00.jpg,01796_00.jpg,regular,1,c4ea627d3a180939beb896e8aaa53dd5,test
/content/drive/MyDrive/ML/dataset/oversized/13406_00.jpg,13406_00.jpg,oversized,2,a7d88e2e05b72f00c9a132d08d205fc3,test
/content/drive/MyDrive/ML/dataset/tight/04216_00.jpg,04216_00.jpg,tight,0,e1ba73a735c67efaa70a601c2f3e1db6,test
/content/drive/MyDrive/ML/dataset/regular/02219_00.jpg,02219_00.jpg,regular,1,393b3be617d7902498e8c91532a3a67b,test
/content/drive/MyDrive/ML/dataset/tight/04383_00.jpg,04383_00.jpg,tight,0,29585e5c0cb05a40bc01245e0d9f3dc9,test
/content/drive/MyDrive/ML/dataset/oversized/12162_00.jpg,12162_00.jpg,oversized,2,75a99c592a54eac2f17ad41f1163f584,test
/content/drive/MyDrive/ML/dataset/regular/07156_00.jpg,07156_00.jpg,regular,1,11652114f87a454912b9aa046d93a508,test
/content/drive/MyDrive/ML/dataset/oversized/03321_00.jpg,03321_00.jpg,oversized,2,f187fb27703563262680b04b3599e093,test
/content/drive/MyDrive/ML/dataset/oversized/00884_00.jpg,00884_00.jpg,oversized,2,d39b79cce93cbdad4402396cfd63224f,test
/content/drive/MyDrive/ML/dataset/regular/05225_00.jpg,05225_00.jpg,regular,1,d8047f937a6f76525581fec66b645629,test
/content/drive/MyDrive/ML/dataset/regular/02228_00.jpg,02228_00.jpg,regular,1,405864b701071c1eb53ad2abe38e49b6,test
/content/drive/MyDrive/ML/dataset/oversized/10849_00.jpg,10849_00.jpg,oversized,2,e902b152795055b208e593a330828dd7,test
/content/drive/MyDrive/ML/dataset/tight/06274_00.jpg,06274_00.jpg,tight,0,32424a9cb4a9edaffb0fcb15101dc1cb,test
/content/drive/MyDrive/ML/dataset/tight/03990_00.jpg,03990_00.jpg,tight,0,bbbabfac3a2bfe297b74ca5d547140cb,test
/content/drive/MyDrive/ML/dataset/tight/07529_00.jpg,07529_00.jpg,tight,0,84b6a050f2ad9eaa5470f1fd452d4456,test
/content/drive/MyDrive/ML/dataset/oversized/07408_00.jpg,07408_00.jpg,oversized,2,0875388a4ebcf85d81e38135c2de67a7,test
/content/drive/MyDrive/ML/dataset/oversized/14272_00.jpg,14272_00.jpg,oversized,2,647bc4cbebf84e4fe3d76f534555e4d7,test
/content/drive/MyDrive/ML/dataset/oversized/08430_00.jpg,08430_00.jpg,oversized,2,57baa984d4a1f2b6fe5749382aea3350,test
/content/drive/MyDrive/ML/dataset/tight/10675_00.jpg,10675_00.jpg,tight,0,d574d8d5b0dd10b2c360f87847b804c9,test
/content/drive/MyDrive/ML/dataset/tight/05885_00.jpg,05885_00.jpg,tight,0,4b9f993fc778833678e11f8df7f2841b,test
/content/drive/MyDrive/ML/dataset/regular/01051_00.jpg,01051_00.jpg,regular,1,e668832235bb861eb0e35c29dafef0fc,test
/content/drive/MyDrive/ML/dataset/regular/03448_00.jpg,03448_00.jpg,regular,1,260461ef65e081be0e2e8049fd99e239,test
/content/drive/MyDrive/ML/dataset/oversized/11878_00.jpg,11878_00.jpg,oversized,2,67bf95f3f8af962c045f75ec90a52d65,test
/content/drive/MyDrive/ML/dataset/oversized/01040_00.jpg,01040_00.jpg,oversized,2,552dd8c3f4ffb6bec94b7a9087b65309,test
/content/drive/MyDrive/ML/dataset/regular/06476_00.jpg,06476_00.jpg,regular,1,8d2011593e5a2f6b8a0ecce0ea83632a,test
/content/drive/MyDrive/ML/dataset/regular/01711_00.jpg,01711_00.jpg,regular,1,700b4d25c6cfdd6aa4ea3971e204bfe7,test
/content/drive/MyDrive/ML/dataset/regular/01689_00.jpg,01689_00.jpg,regular,1,c8cd849155410e03f65692827dd2ed1d,test
/content/drive/MyDrive/ML/dataset/regular/03823_00.jpg,03823_00.jpg,regular,1,5b2d9094e382dd0886ae51d5ccd80bad,test
/content/drive/MyDrive/ML/dataset/tight/09104_00.jpg,09104_00.jpg,tight,0,85a2fdc06a3ac97f9ad8521af3949bcd,test
/content/drive/MyDrive/ML/dataset/tight/07015_00.jpg,07015_00.jpg,tight,0,96c8c8068e75dd53578b9e836a3a1465,test
/content/drive/MyDrive/ML/dataset/tight/07971_00.jpg,07971_00.jpg,tight,0,a93f595b89fd85b2af2f9caa1007e824,test
/content/drive/MyDrive/ML/dataset/oversized/08672_00.jpg,08672_00.jpg,oversized,2,a99a471e9de2fe38f2e560fb6d2bb725,test
/content/drive/MyDrive/ML/dataset/regular/07943_00.jpg,07943_00.jpg,regular,1,f8706fcc527517452d90e3d49a4f972e,test
/content/drive/MyDrive/ML/dataset/oversized/00014_00.jpg,00014_00.jpg,oversized,2,c53dc1f8399f8bd1d3dbf27741b61a7d,test
/content/drive/MyDrive/ML/dataset/tight/02870_00.jpg,02870_00.jpg,tight,0,96bcc5b4fba05078802b626aa79526c8,test
/content/drive/MyDrive/ML/dataset/regular/03276_00.jpg,03276_00.jpg,regular,1,334e8fd2a487985734228e19daf5b87a,test
/content/drive/MyDrive/ML/dataset/tight/00785_00.jpg,00785_00.jpg,tight,0,624a74474836c121cdb26f1ae503882d,test
/content/drive/MyDrive/ML/dataset/oversized/10820_00.jpg,10820_00.jpg,oversized,2,627c1550b9edb0153a8989484d56c005,test
/content/drive/MyDrive/ML/dataset/regular/01906_00.jpg,01906_00.jpg,regular,1,1ab077eff71f8bb3484c03ec2dd13126,test
/content/drive/MyDrive/ML/dataset/regular/04147_00.jpg,04147_00.jpg,regular,1,69248ee000c006292699d9a40adf503d,test
/content/drive/MyDrive/ML/dataset/tight/03703_00.jpg,03703_00.jpg,tight,0,ef5f0b5796eed34ebb298cfefb3c5af1,test
/content/drive/MyDrive/ML/dataset/tight/03916_00.jpg,03916_00.jpg,tight,0,019540efe7e0d473e3c571d1bdb8372c,test
/content/drive/MyDrive/ML/dataset/tight/03731_00.jpg,03731_00.jpg,tight,0,959b0e9a090ab7b70dd431eb72cf6f7f,test
/content/drive/MyDrive/ML/dataset/tight/03349_00.jpg,03349_00.jpg,tight,0,5588ed0fbf38d30fd0714d3311067e46,test
/content/drive/MyDrive/ML/dataset/oversized/06634_00.jpg,06634_00.jpg,oversized,2,97787a5e0458eb952831ad005ce59492,test
/content/drive/MyDrive/ML/dataset/regular/06989_00.jpg,06989_00.jpg,regular,1,7db5da13f5a79314cb242998fcfed650,test
/content/drive/MyDrive/ML/dataset/regular/09024_00.jpg,09024_00.jpg,regular,1,0ff1db8689912c683f8ae0f1186f586d,test
/content/drive/MyDrive/ML/dataset/tight/08024_00.jpg,08024_00.jpg,tight,0,d356adb57c6c14b655b893bef3041dc3,test
/content/drive/MyDrive/ML/dataset/oversized/10212_00.jpg,10212_00.jpg,oversized,2,2d6e1a0ff9a1c44483ff30a45e0ac23a,test
/content/drive/MyDrive/ML/dataset/tight/03857_00.jpg,03857_00.jpg,tight,0,5d3805357028ca2b7e81fb2ebacdb92c,test
/content/drive/MyDrive/ML/dataset/regular/09215_00.jpg,09215_00.jpg,regular,1,ba9bb501997aff41c709002f3a53ec3b,test
/content/drive/MyDrive/ML/dataset/tight/05997_00.jpg,05997_00.jpg,tight,0,83438db8da204ea2c5072bcebc97c9f8,test
/content/drive/MyDrive/ML/dataset/regular/04565_00.jpg,04565_00.jpg,regular,1,e86f4eefcc34da83c7c6f775e9e39367,test
/content/drive/MyDrive/ML/dataset/oversized/10656_00.jpg,10656_00.jpg,oversized,2,905fa11a148fedde5ee256b21e49d07e,test
/content/drive/MyDrive/ML/dataset/regular/03712_00.jpg,03712_00.jpg,regular,1,e4f1791ff7eb06215b390df483df3caf,test
/content/drive/MyDrive/ML/dataset/oversized/13401_00.jpg,13401_00.jpg,oversized,2,39ef3646754589a779b40e16731e27c8,test
/content/drive/MyDrive/ML/dataset/oversized/10214_00.jpg,10214_00.jpg,oversized,2,fb3a23a346d039473deafa386360e771,test
/content/drive/MyDrive/ML/dataset/oversized/00452_00.jpg,00452_00.jpg,oversized,2,3a5c68499f6870ff0a2423ad3a7886b4,test
/content/drive/MyDrive/ML/dataset/oversized/10345_00.jpg,10345_00.jpg,oversized,2,c1cd8c8b3ec9f6a95552af618df483de,test
